{"cameraMode":{"drawMode":0,"name":"Shaded","section":"Shading Mode"},"sceneLighting":true,"audioPlay":false,"sceneViewState":{"showFog":true,"showMaterialUpdate":false,"showSkybox":true,"showFlares":true,"showImageEffects":true,"showParticleSystems":true},"in2DMode":false,"pivot":{"x":-0.043666839599609378,"y":0.006439208984375,"z":-0.20361328125},"rotation":{"x":0.025495368987321855,"y":0.011995909735560418,"z":-0.00030592558323405683,"w":0.9996016025543213},"size":1.4787451028823853,"orthographic":true}