{"cameraMode":{"drawMode":0,"name":"Shaded","section":"Shading Mode"},"sceneLighting":false,"audioPlay":false,"sceneViewState":{"showFog":true,"showMaterialUpdate":false,"showSkybox":false,"showFlares":true,"showImageEffects":true,"showParticleSystems":true},"in2DMode":false,"pivot":{"x":-0.0005130188656039536,"y":0.016837796196341516,"z":0.0},"rotation":{"x":0.4215361475944519,"y":-0.0692605972290039,"z":0.03230927884578705,"w":0.9035914540290833},"size":0.18375259637832642,"orthographic":true}